{
    "name": "root",
    "metadata": {
        "timer_format_version": "0.1.0",
        "start_time_seconds": "1776940034",
        "python_version": "3.9.25 (main, Nov  3 2025, 22:44:01) [MSC v.1929 64 bit (AMD64)]",
        "command_line_arguments": "C:\\ProgramData\\anaconda3\\envs\\mlagents\\Scripts\\mlagents-learn config/Caragent.yaml --run-id=V2",
        "mlagents_version": "0.30.0",
        "mlagents_envs_version": "0.30.0",
        "communication_protocol_version": "1.5.0",
        "pytorch_version": "1.13.1+cpu",
        "numpy_version": "1.21.2",
        "end_time_seconds": "1776940142"
    },
    "total": 108.05472569999999,
    "count": 1,
    "self": 0.002755199999995739,
    "children": {
        "run_training.setup": {
            "total": 0.06483340000000015,
            "count": 1,
            "self": 0.06483340000000015
        },
        "TrainerController.start_learning": {
            "total": 107.9871371,
            "count": 1,
            "self": 0.00020139999999457814,
            "children": {
                "TrainerController._reset_env": {
                    "total": 5.1964269000000005,
                    "count": 1,
                    "self": 5.1964269000000005
                },
                "TrainerController.advance": {
                    "total": 102.6942739,
                    "count": 7,
                    "self": 6.260000000679611e-05,
                    "children": {
                        "env_step": {
                            "total": 102.69412929999999,
                            "count": 7,
                            "self": 102.68630249999998,
                            "children": {
                                "SubprocessEnvManager._take_step": {
                                    "total": 0.0077952999999997274,
                                    "count": 7,
                                    "self": 0.00019320000000000448,
                                    "children": {
                                        "TorchPolicy.evaluate": {
                                            "total": 0.007602099999999723,
                                            "count": 7,
                                            "self": 0.007602099999999723
                                        }
                                    }
                                },
                                "workers": {
                                    "total": 3.15000000004062e-05,
                                    "count": 6,
                                    "self": 0.0,
                                    "children": {
                                        "worker_root": {
                                            "total": 0.6377810999999989,
                                            "count": 6,
                                            "is_parallel": true,
                                            "self": 0.01743709999999954,
                                            "children": {
                                                "steps_from_proto": {
                                                    "total": 0.00021849999999989933,
                                                    "count": 1,
                                                    "is_parallel": true,
                                                    "self": 9.899999999962716e-05,
                                                    "children": {
                                                        "_process_rank_one_or_two_observation": {
                                                            "total": 0.00011950000000027217,
                                                            "count": 2,
                                                            "is_parallel": true,
                                                            "self": 0.00011950000000027217
                                                        }
                                                    }
                                                },
                                                "UnityEnvironment.step": {
                                                    "total": 0.6201254999999994,
                                                    "count": 6,
                                                    "is_parallel": true,
                                                    "self": 0.00023040000000040806,
                                                    "children": {
                                                        "UnityEnvironment._generate_step_input": {
                                                            "total": 0.00021209999999882712,
                                                            "count": 6,
                                                            "is_parallel": true,
                                                            "self": 0.00021209999999882712
                                                        },
                                                        "communicator.exchange": {
                                                            "total": 0.6188691000000013,
                                                            "count": 6,
                                                            "is_parallel": true,
                                                            "self": 0.6188691000000013
                                                        },
                                                        "steps_from_proto": {
                                                            "total": 0.0008138999999989238,
                                                            "count": 6,
                                                            "is_parallel": true,
                                                            "self": 0.0004374999999985363,
                                                            "children": {
                                                                "_process_rank_one_or_two_observation": {
                                                                    "total": 0.00037640000000038754,
                                                                    "count": 12,
                                                                    "is_parallel": true,
                                                                    "self": 0.00037640000000038754
                                                                }
                                                            }
                                                        }
                                                    }
                                                }
                                            }
                                        }
                                    }
                                }
                            }
                        },
                        "trainer_advance": {
                            "total": 8.199999999991547e-05,
                            "count": 6,
                            "self": 5.7500000000487717e-05,
                            "children": {
                                "process_trajectory": {
                                    "total": 2.4499999999427757e-05,
                                    "count": 6,
                                    "self": 2.4499999999427757e-05
                                }
                            }
                        }
                    }
                },
                "TrainerController._save_models": {
                    "total": 0.0962348999999989,
                    "count": 1,
                    "self": 0.029880699999992544,
                    "children": {
                        "RLTrainer._checkpoint": {
                            "total": 0.06635420000000636,
                            "count": 1,