{
    "name": "root",
    "gauges": {
        "CarAgent.Policy.Entropy.mean": {
            "value": 1.4230377674102783,
            "min": 1.418938398361206,
            "max": 1.4230377674102783,
            "count": 4
        },
        "CarAgent.Policy.Entropy.sum": {
            "value": 7194.87890625,
            "min": 7054.9619140625,
            "max": 7194.87890625,
            "count": 4
        },
        "CarAgent.Step.mean": {
            "value": 19929.0,
            "min": 4929.0,
            "max": 19929.0,
            "count": 4
        },
        "CarAgent.Step.sum": {
            "value": 19929.0,
            "min": 4929.0,
            "max": 19929.0,
            "count": 4
        },
        "CarAgent.Policy.ExtrinsicValueEstimate.mean": {
            "value": -0.08610697835683823,
            "min": -0.08610697835683823,
            "max": -0.01702379807829857,
            "count": 4
        },
        "CarAgent.Policy.ExtrinsicValueEstimate.sum": {
            "value": -4.305348873138428,
            "min": -4.305348873138428,
            "max": -0.851189911365509,
            "count": 4
        },
        "CarAgent.Environment.EpisodeLength.mean": {
            "value": 299.0,
            "min": 299.0,
            "max": 299.0625,
            "count": 4
        },
        "CarAgent.Environment.EpisodeLength.sum": {
            "value": 4784.0,
            "min": 4784.0,
            "max": 5083.0,
            "count": 4
        },
        "CarAgent.Environment.CumulativeReward.mean": {
            "value": -1.2989999949932098,
            "min": -1.2990624979138374,
            "max": -1.2989999949932098,
            "count": 4
        },
        "CarAgent.Environment.CumulativeReward.sum": {
            "value": -22.082999914884567,
            "min": -22.082999914884567,
            "max": -20.783999919891357,
            "count": 4
        },
        "CarAgent.Policy.ExtrinsicReward.mean": {
            "value": -1.2989999949932098,
            "min": -1.2990624979138374,
            "max": -1.2989999949932098,
            "count": 4
        },
        "CarAgent.Policy.ExtrinsicReward.sum": {
            "value": -22.082999914884567,
            "min": -22.082999914884567,
            "max": -20.783999919891357,
            "count": 4
        },
        "CarAgent.IsTraining.mean": {
            "value": 1.0,
            "min": 1.0,
            "max": 1.0,
            "count": 4
        },
        "CarAgent.IsTraining.sum": {
            "value": 1.0,
            "min": 1.0,
            "max": 1.0,
            "count": 4
        },
        "CarAgent.Losses.PolicyLoss.mean": {
            "value": 0.03573205115195985,
            "min": 0.03573205115195985,
            "max": 0.03573205115195985,
            "count": 1
        },
        "CarAgent.Losses.PolicyLoss.sum": {
            "value": 0.03573205115195985,
            "min": 0.03573205115195985,
            "max": 0.03573205115195985,
            "count": 1
        },
        "CarAgent.Losses.ValueLoss.mean": {
            "value": 0.024801117725049455,
            "min": 0.024801117725049455,
            "max": 0.024801117725049455,
            "count": 1
        },
        "CarAgent.Losses.ValueLoss.sum": {
            "value": 0.024801117725049455,
            "min": 0.024801117725049455,
            "max": 0.024801117725049455,
            "count": 1
        },
        "CarAgent.Policy.LearningRate.mean": {
            "value": 0.0002938026020658,
            "min": 0.0002938026020658,
            "max": 0.0002938026020658,
            "count": 1
        },
        "CarAgent.Policy.LearningRate.sum": {
            "value": 0.0002938026020658,
            "min": 0.0002938026020658,
            "max": 0.0002938026020658,
            "count": 1
        },
        "CarAgent.Policy.Epsilon.mean": {
            "value": 0.19793420000000003,
            "min": 0.19793420000000003,
            "max": 0.19793420000000003,
            "count": 1
        },
        "CarAgent.Policy.Epsilon.sum": {
            "value": 0.19793420000000003,
            "min": 0.19793420000000003,
            "max": 0.19793420000000003,
            "count": 1
        },
        "CarAgent.Policy.Beta.mean": {
            "value": 0.004896916580000002,
            "min": 0.004896916580000002,
            "max": 0.004896916580000002,
            "count": 1
        },
        "CarAgent.Policy.Beta.sum": {
            "value": 0.004896916580000002,
            "min": 0.004896916580000002,
            "max": 0.004896916580000002,
            "count": 1
        }
    },
    "metadata": {
        "timer_format_version": "0.1.0",
        "start_time_seconds": "1776953161",
        "python_version": "3.9.25 (main, Nov  3 2025, 22:44:01) [MSC v.1929 64 bit (AMD64)]",
        "command_line_arguments": "C:\\ProgramData\\anaconda3\\envs\\mlagents\\Scripts\\mlagents-learn config/Caragent.yaml --run-id=V7 --time-scale=20 --train",
        "mlagents_version": "0.30.0",
        "mlagents_envs_version": "0.30.0",
        "communication_protocol_version": "1.5.0",
        "pytorch_version": "2.2.2+cu121",
        "numpy_version": "1.21.2",
        "end_time_seconds": "1776953577"
    },
    "total": 415.6529538,
    "count": 1,
    "self": 0.0036504999999920074,
    "children": {
        "run_training.setup": {
            "total": 0.05459689999999995,
            "count": 1,
            "self": 0.05459689999999995
        },
        "TrainerController.start_learning": {
            "total": 415.5947064,
            "count": 1,
            "self": 0.23979780000047413,
            "children": {
                "TrainerController._reset_env": {
                    "total": 5.918314499999999,
                    "count": 1,
                    "self": 5.918314499999999
                },
                "TrainerController.advance": {
                    "total": 409.3175567999995,
                    "count": 24879,
                    "self": 0.21463269999748036,
                    "children": {
                        "env_step": {
                            "total": 400.7837878000026,
                            "count": 24879,
                            "self": 182.4997464000006,
                            "children": {
                                "SubprocessEnvManager._take_step": {
                                    "total": 218.12958920000239,
                                    "count": 24879,
                                    "self": 0.7730354000003672,
                                    "children": {
                                        "TorchPolicy.evaluate": {
                                            "total": 217.35655380000202,
                                            "count": 24797,
                                            "self": 217.35655380000202
                                        }
                                    }
                                },
                                "workers": {
                                    "total": 0.15445219999960358,
                                    "count": 24878,
                                    "self": 0.0,
                                    "children": {
                                        "worker_root": {
                                            "total": 344.4711376000004,
                                            "count": 24878,
                                            "is_parallel": true,
                                            "self": 239.45752700000028,
                                            "children": {
                                                "steps_from_proto": {
                                                    "total": 0.0002488999999998853,
                                                    "count": 1,
                                                    "is_parallel": true,
                                                    "self": 0.00010360000000098069,