{
    "name": "root",
    "gauges": {
        "CarAgent.Policy.Entropy.mean": {
            "value": 1.4189386367797852,
            "min": 1.4189386367797852,
            "max": 1.4189386367797852,
            "count": 1
        },
        "CarAgent.Policy.Entropy.sum": {
            "value": 7228.0732421875,
            "min": 7228.0732421875,
            "max": 7228.0732421875,
            "count": 1
        },
        "CarAgent.Step.mean": {
            "value": 4895.0,
            "min": 4895.0,
            "max": 4895.0,
            "count": 1
        },
        "CarAgent.Step.sum": {
            "value": 4895.0,
            "min": 4895.0,
            "max": 4895.0,
            "count": 1
        },
        "CarAgent.Policy.ExtrinsicValueEstimate.mean": {
            "value": 0.24279452860355377,
            "min": 0.24279452860355377,
            "max": 0.24279452860355377,
            "count": 1
        },
        "CarAgent.Policy.ExtrinsicValueEstimate.sum": {
            "value": 9.468986511230469,
            "min": 9.468986511230469,
            "max": 9.468986511230469,
            "count": 1
        },
        "CarAgent.Environment.EpisodeLength.mean": {
            "value": 998.75,
            "min": 998.75,
            "max": 998.75,
            "count": 1
        },
        "CarAgent.Environment.EpisodeLength.sum": {
            "value": 3995.0,
            "min": 3995.0,
            "max": 3995.0,
            "count": 1
        },
        "CarAgent.Environment.CumulativeReward.mean": {
            "value": 5.096988592296839,
            "min": 5.096988592296839,
            "max": 5.096988592296839,
            "count": 1
        },
        "CarAgent.Environment.CumulativeReward.sum": {
            "value": 20.387954369187355,
            "min": 20.387954369187355,
            "max": 20.387954369187355,
            "count": 1
        },
        "CarAgent.Policy.ExtrinsicReward.mean": {
            "value": 5.096988592296839,
            "min": 5.096988592296839,
            "max": 5.096988592296839,
            "count": 1
        },
        "CarAgent.Policy.ExtrinsicReward.sum": {
            "value": 20.387954369187355,
            "min": 20.387954369187355,
            "max": 20.387954369187355,
            "count": 1
        },
        "CarAgent.IsTraining.mean": {
            "value": 1.0,
            "min": 1.0,
            "max": 1.0,
            "count": 1
        },
        "CarAgent.IsTraining.sum": {
            "value": 1.0,
            "min": 1.0,
            "max": 1.0,
            "count": 1
        }
    },
    "metadata": {
        "timer_format_version": "0.1.0",
        "start_time_seconds": "1776174142",
        "python_version": "3.10.12 | packaged by Anaconda, Inc. | (main, Jul  5 2023, 19:01:18) [MSC v.1916 64 bit (AMD64)]",
        "command_line_arguments": "C:\\ProgramData\\anaconda3\\envs\\mlagents\\Scripts\\mlagents-learn config/Caragent.yaml --run-id=test3",
        "mlagents_version": "1.1.0",
        "mlagents_envs_version": "1.1.0",
        "communication_protocol_version": "1.5.0",
        "pytorch_version": "2.2.2+cu121",
        "numpy_version": "1.23.5",
        "end_time_seconds": "1776174353"
    },
    "total": 210.8969752999983,
    "count": 1,
    "self": 0.005992500009597279,
    "children": {
        "run_training.setup": {
            "total": 0.06818289999500848,
            "count": 1,
            "self": 0.06818289999500848
        },
        "TrainerController.start_learning": {
            "total": 210.8227998999937,
            "count": 1,
            "self": 0.07661810134595726,
            "children": {
                "TrainerController._reset_env": {
                    "total": 6.636157000000821,
                    "count": 1,
                    "self": 6.636157000000821
                },
                "TrainerController.advance": {
                    "total": 204.02214929866022,
                    "count": 6784,
                    "self": 0.0671546001394745,
                    "children": {
                        "env_step": {
                            "total": 203.4684105994238,
                            "count": 6784,
                            "self": 151.37276549886155,
                            "children": {
                                "SubprocessEnvManager._take_step": {
                                    "total": 52.04483550020086,
                                    "count": 6785,
                                    "self": 0.23482550068001729,
                                    "children": {
                                        "TorchPolicy.evaluate": {
                                            "total": 51.810009999520844,
                                            "count": 6785,
                                            "self": 51.810009999520844
                                        }
                                    }
                                },
                                "workers": {
                                    "total": 0.05080960036139004,
                                    "count": 6783,
                                    "self": 0.0,
                                    "children": {
                                        "worker_root": {
                                            "total": 91.61992770027427,
                                            "count": 6783,
                                            "is_parallel": true,
                                            "self": 56.93072010019387,
                                            "children": {
                                                "steps_from_proto": {
                                                    "total": 0.0004769000079249963,
                                                    "count": 2,
                                                    "is_parallel": true,
                                                    "self": 0.00026890001026913524,
                                                    "children": {
                                                        "_process_rank_one_or_two_observation": {
                                                            "total": 0.00020799999765586108,
                                                            "count": 4,
                                                            "is_parallel": true,
                                                            "self": 0.00020799999765586108
                                                        }
                                                    }
                                                },
                                                "UnityEnvironment.step": {
                                                    "total": 34.68873070007248,
                                                    "count": 6783,
                                                    "is_parallel": true,
                                                    "self": 0.2805617004923988,
                                                    "children": {
                                                        "UnityEnvironment._generate_step_input": {
                                                            "total": 0.2583963000070071,
                                                            "count": 6783,
                                                            "is_parallel": true,
                                                            "self": 0.2583963000070071
                                                        },
                                                        "communicator.exchange": {
                                                            "total": 33.32037690017023,
                                                            "count": 6783,
                                                            "is_parallel": true,