{
    "name": "root",
    "metadata": {
        "timer_format_version": "0.1.0",
        "start_time_seconds": "1776953082",
        "python_version": "3.9.25 (main, Nov  3 2025, 22:44:01) [MSC v.1929 64 bit (AMD64)]",
        "command_line_arguments": "C:\\ProgramData\\anaconda3\\envs\\mlagents\\Scripts\\mlagents-learn config/Caragent.yaml --run-id=V6 --time-scale=20 --train",
        "mlagents_version": "0.30.0",
        "mlagents_envs_version": "0.30.0",
        "communication_protocol_version": "1.5.0",
        "pytorch_version": "2.2.2+cu121",
        "numpy_version": "1.21.2",
        "end_time_seconds": "1776953147"
    },
    "total": 65.098275,
    "count": 1,
    "self": 10.004618,
    "children": {
        "run_training.setup": {
            "total": 0.058816200000000096,
            "count": 1,
            "self": 0.058816200000000096
        },
        "TrainerController.start_learning": {
            "total": 55.0348408,
            "count": 1,
            "self": 0.030402499999944155,
            "children": {
                "TrainerController._reset_env": {
                    "total": 6.923709699999999,
                    "count": 1,
                    "self": 6.923709699999999
                },
                "TrainerController.advance": {
                    "total": 47.980049400000055,
                    "count": 3230,
                    "self": 0.02854280000015308,
                    "children": {
                        "env_step": {
                            "total": 47.713616299999885,
                            "count": 3230,
                            "self": 31.929462300000075,
                            "children": {
                                "SubprocessEnvManager._take_step": {
                                    "total": 15.764571799999912,
                                    "count": 3231,
                                    "self": 0.09286900000005005,
                                    "children": {
                                        "TorchPolicy.evaluate": {
                                            "total": 15.671702799999862,
                                            "count": 3221,
                                            "self": 15.671702799999862
                                        }
                                    }
                                },
                                "workers": {
                                    "total": 0.019582199999895522,
                                    "count": 3229,
                                    "self": 0.0,
                                    "children": {
                                        "worker_root": {
                                            "total": 29.151772100000137,
                                            "count": 3229,
                                            "is_parallel": true,
                                            "self": 18.052905600000116,
                                            "children": {
                                                "steps_from_proto": {
                                                    "total": 0.0005323999999999884,
                                                    "count": 2,
                                                    "is_parallel": true,
                                                    "self": 0.0002481999999979223,
                                                    "children": {
                                                        "_process_rank_one_or_two_observation": {
                                                            "total": 0.00028420000000206613,
                                                            "count": 12,
                                                            "is_parallel": true,
                                                            "self": 0.00028420000000206613
                                                        }
                                                    }
                                                },
                                                "UnityEnvironment.step": {
                                                    "total": 11.098334100000022,
                                                    "count": 3229,
                                                    "is_parallel": true,
                                                    "self": 0.12099119999993313,
                                                    "children": {
                                                        "UnityEnvironment._generate_step_input": {
                                                            "total": 0.1074547999999158,
                                                            "count": 3229,
                                                            "is_parallel": true,
                                                            "self": 0.1074547999999158
                                                        },
                                                        "communicator.exchange": {
                                                            "total": 10.399006900000124,
                                                            "count": 3229,
                                                            "is_parallel": true,
                                                            "self": 10.399006900000124
                                                        },
                                                        "steps_from_proto": {
                                                            "total": 0.47088120000004796,
                                                            "count": 3229,
                                                            "is_parallel": true,
                                                            "self": 0.2251557999998619,
                                                            "children": {
                                                                "_process_rank_one_or_two_observation": {
                                                                    "total": 0.24572540000018606,
                                                                    "count": 19374,
                                                                    "is_parallel": true,
                                                                    "self": 0.24572540000018606
                                                                }
                                                            }
                                                        }
                                                    }
                                                }
                                            }
                                        }
                                    }
                                }
                            }
                        },
                        "trainer_advance": {
                            "total": 0.2378903000000161,
                            "count": 3229,
                            "self": 0.03521749999992174,
                            "children": {
                                "process_trajectory": {
                                    "total": 0.20267280000009436,
                                    "count": 3229,
                                    "self": 0.20267280000009436
                                }
                            }
                        }
                    }
                },
                "trainer_threads": {
                    "total": 4.999999987376214e-07,
                    "count": 1,
                    "self": 4.999999987376214e-07
                },
                "TrainerController._save_models": {
                    "total": 0.10067870000000312,
                    "count": 1,
                    "self": 3.080000000466043e-05,