{
    "name": "root",
    "gauges": {
        "CarAgent.Policy.Entropy.mean": {
            "value": 1.4189385175704956,
            "min": 1.4189385175704956,
            "max": 1.4189385175704956,
            "count": 1
        },
        "CarAgent.Policy.Entropy.sum": {
            "value": 7175.572265625,
            "min": 7175.572265625,
            "max": 7175.572265625,
            "count": 1
        },
        "CarAgent.Step.mean": {
            "value": 4929.0,
            "min": 4929.0,
            "max": 4929.0,
            "count": 1
        },
        "CarAgent.Step.sum": {
            "value": 4929.0,
            "min": 4929.0,
            "max": 4929.0,
            "count": 1
        },
        "CarAgent.Policy.ExtrinsicValueEstimate.mean": {
            "value": -0.03099060244858265,
            "min": -0.03099060244858265,
            "max": -0.03099060244858265,
            "count": 1
        },
        "CarAgent.Policy.ExtrinsicValueEstimate.sum": {
            "value": -1.518539547920227,
            "min": -1.518539547920227,
            "max": -1.518539547920227,
            "count": 1
        },
        "CarAgent.Environment.EpisodeLength.mean": {
            "value": 299.0625,
            "min": 299.0625,
            "max": 299.0625,
            "count": 1
        },
        "CarAgent.Environment.EpisodeLength.sum": {
            "value": 4785.0,
            "min": 4785.0,
            "max": 4785.0,
            "count": 1
        },
        "CarAgent.Environment.CumulativeReward.mean": {
            "value": -1.2990624979138374,
            "min": -1.2990624979138374,
            "max": -1.2990624979138374,
            "count": 1
        },
        "CarAgent.Environment.CumulativeReward.sum": {
            "value": -20.7849999666214,
            "min": -20.7849999666214,
            "max": -20.7849999666214,
            "count": 1
        },
        "CarAgent.Policy.ExtrinsicReward.mean": {
            "value": -1.2990624979138374,
            "min": -1.2990624979138374,
            "max": -1.2990624979138374,
            "count": 1
        },
        "CarAgent.Policy.ExtrinsicReward.sum": {
            "value": -20.7849999666214,
            "min": -20.7849999666214,
            "max": -20.7849999666214,
            "count": 1
        },
        "CarAgent.IsTraining.mean": {
            "value": 1.0,
            "min": 1.0,
            "max": 1.0,
            "count": 1
        },
        "CarAgent.IsTraining.sum": {
            "value": 1.0,
            "min": 1.0,
            "max": 1.0,
            "count": 1
        }
    },
    "metadata": {
        "timer_format_version": "0.1.0",
        "start_time_seconds": "1776952700",
        "python_version": "3.9.25 (main, Nov  3 2025, 22:44:01) [MSC v.1929 64 bit (AMD64)]",
        "command_line_arguments": "C:\\ProgramData\\anaconda3\\envs\\mlagents\\Scripts\\mlagents-learn config/Caragent.yaml --run-id=V4 --time-scale=20 --train",
        "mlagents_version": "0.30.0",
        "mlagents_envs_version": "0.30.0",
        "communication_protocol_version": "1.5.0",
        "pytorch_version": "2.2.2+cu121",
        "numpy_version": "1.21.2",
        "end_time_seconds": "1776952896"
    },
    "total": 195.8968006,
    "count": 1,
    "self": 0.0029225000000110413,
    "children": {
        "run_training.setup": {
            "total": 0.06422590000000028,
            "count": 1,
            "self": 0.06422590000000028
        },
        "TrainerController.start_learning": {
            "total": 195.8296522,
            "count": 1,
            "self": 0.1046086999996021,
            "children": {
                "TrainerController._reset_env": {
                    "total": 21.0719116,
                    "count": 1,
                    "self": 21.0719116
                },
                "TrainerController.advance": {
                    "total": 174.5654455000004,
                    "count": 9478,
                    "self": 0.09844520000126522,
                    "children": {
                        "env_step": {
                            "total": 173.43771829999977,
                            "count": 9478,
                            "self": 104.3626331,
                            "children": {
                                "SubprocessEnvManager._take_step": {
                                    "total": 69.01216370000031,
                                    "count": 9478,
                                    "self": 0.3185659000000385,
                                    "children": {
                                        "TorchPolicy.evaluate": {
                                            "total": 68.69359780000028,
                                            "count": 9447,
                                            "self": 68.69359780000028
                                        }
                                    }
                                },
                                "workers": {
                                    "total": 0.06292149999946517,
                                    "count": 9477,
                                    "self": 0.0,
                                    "children": {
                                        "worker_root": {
                                            "total": 113.56081529999982,
                                            "count": 9477,
                                            "is_parallel": true,
                                            "self": 75.82516349999975,
                                            "children": {
                                                "steps_from_proto": {
                                                    "total": 0.00037850000000005934,
                                                    "count": 1,
                                                    "is_parallel": true,
                                                    "self": 0.00011640000000312511,
                                                    "children": {
                                                        "_process_rank_one_or_two_observation": {
                                                            "total": 0.00026209999999693423,
                                                            "count": 6,
                                                            "is_parallel": true,
                                                            "self": 0.00026209999999693423
                                                        }
                                                    }
                                                },
                                                "UnityEnvironment.step": {
                                                    "total": 37.735273300000074,
                                                    "count": 9477,
                                                    "is_parallel": true,
                                                    "self": 0.39636569999974824,
                                                    "children": {
                                                        "UnityEnvironment._generate_step_input": {
                                                            "total": 0.35894219999964605,
                                                            "count": 9477,
                                                            "is_parallel": true,
                                                            "self": 0.35894219999964605
                                                        },
                                                        "communicator.exchange": {
                                                            "total": 35.42534290000015,
                                                            "count": 9477,
                                                            "is_parallel": true,