{
    "name": "root",
    "metadata": {
        "timer_format_version": "0.1.0",
        "start_time_seconds": "1776174011",
        "python_version": "3.10.12 | packaged by Anaconda, Inc. | (main, Jul  5 2023, 19:01:18) [MSC v.1916 64 bit (AMD64)]",
        "command_line_arguments": "C:\\ProgramData\\anaconda3\\envs\\mlagents\\Scripts\\mlagents-learn config/Caragent.yaml --run-id=test2",
        "mlagents_version": "1.1.0",
        "mlagents_envs_version": "1.1.0",
        "communication_protocol_version": "1.5.0",
        "pytorch_version": "2.2.2+cu121",
        "numpy_version": "1.23.5",
        "end_time_seconds": "1776174113"
    },
    "total": 102.15599159999692,
    "count": 1,
    "self": 0.0038702000019839033,
    "children": {
        "run_training.setup": {
            "total": 0.07028459999128245,
            "count": 1,
            "self": 0.07028459999128245
        },
        "TrainerController.start_learning": {
            "total": 102.08183680000366,
            "count": 1,
            "self": 0.018622000032337382,
            "children": {
                "TrainerController._reset_env": {
                    "total": 7.970010800010641,
                    "count": 1,
                    "self": 7.970010800010641
                },
                "TrainerController.advance": {
                    "total": 94.00333189996309,
                    "count": 1714,
                    "self": 0.01801079951110296,
                    "children": {
                        "env_step": {
                            "total": 93.88082510007371,
                            "count": 1714,
                            "self": 84.31253170016862,
                            "children": {
                                "SubprocessEnvManager._take_step": {
                                    "total": 9.555555000144523,
                                    "count": 1714,
                                    "self": 0.05526190035743639,
                                    "children": {
                                        "TorchPolicy.evaluate": {
                                            "total": 9.500293099787086,
                                            "count": 1714,
                                            "self": 9.500293099787086
                                        }
                                    }
                                },
                                "workers": {
                                    "total": 0.01273839976056479,
                                    "count": 1713,
                                    "self": 0.0,
                                    "children": {
                                        "worker_root": {
                                            "total": 32.13421589972859,
                                            "count": 1713,
                                            "is_parallel": true,
                                            "self": 11.324435599890421,
                                            "children": {
                                                "steps_from_proto": {
                                                    "total": 0.0002268999960506335,
                                                    "count": 1,
                                                    "is_parallel": true,
                                                    "self": 0.00011159999121446162,
                                                    "children": {
                                                        "_process_rank_one_or_two_observation": {
                                                            "total": 0.00011530000483617187,
                                                            "count": 2,
                                                            "is_parallel": true,
                                                            "self": 0.00011530000483617187
                                                        }
                                                    }
                                                },
                                                "UnityEnvironment.step": {
                                                    "total": 20.809553399842116,
                                                    "count": 1713,
                                                    "is_parallel": true,
                                                    "self": 0.06810679979389533,
                                                    "children": {
                                                        "UnityEnvironment._generate_step_input": {
                                                            "total": 0.05839699997159187,
                                                            "count": 1713,
                                                            "is_parallel": true,
                                                            "self": 0.05839699997159187
                                                        },
                                                        "communicator.exchange": {
                                                            "total": 20.47985250026977,
                                                            "count": 1713,
                                                            "is_parallel": true,
                                                            "self": 20.47985250026977
                                                        },
                                                        "steps_from_proto": {
                                                            "total": 0.2031970998068573,
                                                            "count": 1713,
                                                            "is_parallel": true,
                                                            "self": 0.12116109968337696,
                                                            "children": {
                                                                "_process_rank_one_or_two_observation": {
                                                                    "total": 0.08203600012348033,
                                                                    "count": 3426,
                                                                    "is_parallel": true,
                                                                    "self": 0.08203600012348033
                                                                }
                                                            }
                                                        }
                                                    }
                                                }
                                            }
                                        }
                                    }
                                }
                            }
                        },
                        "trainer_advance": {
                            "total": 0.10449600037827622,
                            "count": 1713,
                            "self": 0.0221497001912212,
                            "children": {
                                "process_trajectory": {
                                    "total": 0.08234630018705502,
                                    "count": 1713,
                                    "self": 0.08234630018705502
                                }
                            }
                        }
                    }
                },
                "TrainerController._save_models": {
                    "total": 0.08987209999759216,
                    "count": 1,
                    "self": 0.03319779998855665,
                    "children": {
                        "RLTrainer._checkpoint": {
                            "total": 0.056674300009035505,
                            "count": 1,