{
    "name": "root",
    "gauges": {
        "CarAgent.Policy.Entropy.mean": {
            "value": 1.4189385175704956,
            "min": 1.4189385175704956,
            "max": 1.4189385175704956,
            "count": 1
        },
        "CarAgent.Policy.Entropy.sum": {
            "value": 7175.572265625,
            "min": 7175.572265625,
            "max": 7175.572265625,
            "count": 1
        },
        "CarAgent.Step.mean": {
            "value": 4929.0,
            "min": 4929.0,
            "max": 4929.0,
            "count": 1
        },
        "CarAgent.Step.sum": {
            "value": 4929.0,
            "min": 4929.0,
            "max": 4929.0,
            "count": 1
        },
        "CarAgent.Policy.ExtrinsicValueEstimate.mean": {
            "value": 0.16754308342933655,
            "min": 0.16754308342933655,
            "max": 0.16754308342933655,
            "count": 1
        },
        "CarAgent.Policy.ExtrinsicValueEstimate.sum": {
            "value": 8.209610939025879,
            "min": 8.209610939025879,
            "max": 8.209610939025879,
            "count": 1
        },
        "CarAgent.Environment.EpisodeLength.mean": {
            "value": 299.0625,
            "min": 299.0625,
            "max": 299.0625,
            "count": 1
        },
        "CarAgent.Environment.EpisodeLength.sum": {
            "value": 4785.0,
            "min": 4785.0,
            "max": 4785.0,
            "count": 1
        },
        "CarAgent.Environment.CumulativeReward.mean": {
            "value": -1.2990624979138374,
            "min": -1.2990624979138374,
            "max": -1.2990624979138374,
            "count": 1
        },
        "CarAgent.Environment.CumulativeReward.sum": {
            "value": -20.7849999666214,
            "min": -20.7849999666214,
            "max": -20.7849999666214,
            "count": 1
        },
        "CarAgent.Policy.ExtrinsicReward.mean": {
            "value": -1.2990624979138374,
            "min": -1.2990624979138374,
            "max": -1.2990624979138374,
            "count": 1
        },
        "CarAgent.Policy.ExtrinsicReward.sum": {
            "value": -20.7849999666214,
            "min": -20.7849999666214,
            "max": -20.7849999666214,
            "count": 1
        },
        "CarAgent.IsTraining.mean": {
            "value": 1.0,
            "min": 1.0,
            "max": 1.0,
            "count": 1
        },
        "CarAgent.IsTraining.sum": {
            "value": 1.0,
            "min": 1.0,
            "max": 1.0,
            "count": 1
        }
    },
    "metadata": {
        "timer_format_version": "0.1.0",
        "start_time_seconds": "1776954636",
        "python_version": "3.9.25 (main, Nov  3 2025, 22:44:01) [MSC v.1929 64 bit (AMD64)]",
        "command_line_arguments": "C:\\ProgramData\\anaconda3\\envs\\mlagents\\Scripts\\mlagents-learn config/Caragent.yaml --run-id=V9 --time-scale=20 --train",
        "mlagents_version": "0.30.0",
        "mlagents_envs_version": "0.30.0",
        "communication_protocol_version": "1.5.0",
        "pytorch_version": "2.2.2+cu121",
        "numpy_version": "1.21.2",
        "end_time_seconds": "1776954797"
    },
    "total": 160.473547,
    "count": 1,
    "self": 0.002610800000013569,
    "children": {
        "run_training.setup": {
            "total": 0.06011230000000012,
            "count": 1,
            "self": 0.06011230000000012
        },
        "TrainerController.start_learning": {
            "total": 160.4108239,
            "count": 1,
            "self": 0.07307400000030384,
            "children": {
                "TrainerController._reset_env": {
                    "total": 20.050945900000002,
                    "count": 1,
                    "self": 20.050945900000002
                },
                "TrainerController.advance": {
                    "total": 140.19064639999968,
                    "count": 7144,
                    "self": 0.06462369999974271,
                    "children": {
                        "env_step": {
                            "total": 139.37935099999996,
                            "count": 7144,
                            "self": 83.91165079999973,
                            "children": {
                                "SubprocessEnvManager._take_step": {
                                    "total": 55.422859499999916,
                                    "count": 7144,
                                    "self": 0.2286470000000378,
                                    "children": {
                                        "TorchPolicy.evaluate": {
                                            "total": 55.19421249999988,
                                            "count": 7121,
                                            "self": 55.19421249999988
                                        }
                                    }
                                },
                                "workers": {
                                    "total": 0.04484070000030371,
                                    "count": 7143,
                                    "self": 0.0,
                                    "children": {
                                        "worker_root": {
                                            "total": 79.20392449999954,
                                            "count": 7143,
                                            "is_parallel": true,
                                            "self": 60.32243959999949,
                                            "children": {
                                                "steps_from_proto": {
                                                    "total": 0.00027950000000132036,
                                                    "count": 1,
                                                    "is_parallel": true,
                                                    "self": 0.0001068000000010727,
                                                    "children": {
                                                        "_process_rank_one_or_two_observation": {
                                                            "total": 0.00017270000000024766,
                                                            "count": 4,
                                                            "is_parallel": true,
                                                            "self": 0.00017270000000024766
                                                        }
                                                    }
                                                },
                                                "UnityEnvironment.step": {
                                                    "total": 18.881205400000052,
                                                    "count": 7143,
                                                    "is_parallel": true,
                                                    "self": 0.27099950000134143,
                                                    "children": {
                                                        "UnityEnvironment._generate_step_input": {
                                                            "total": 0.2610537999992175,
                                                            "count": 7143,
                                                            "is_parallel": true,
                                                            "self": 0.2610537999992175
                                                        },
                                                        "communicator.exchange": {
                                                            "total": 17.361864999999266,
                                                            "count": 7143,
                                                            "is_parallel": true,